{
  "agent_prompt_sha": "5c7b1203456c6a1af52b0414f5379ea103490bde1c4fc70ac7413cbdc323847d",
  "agent_recall": 0.583333,
  "baseline_prompt_sha": "f2837b5416a8d4cb076234938c32a077f9101ccefce42d3ae2c398c69122e445",
  "baseline_recall": 0.583333,
  "bootstrap_ci_95": [
    0.0,
    0.0
  ],
  "cost_estimate_usd": 0.2535,
  "error_count": 0,
  "fixture_set_sha": "91aa6a3d3d64904ff38e7e1df205fa72593a488bc8ee3da56706a01509a2815d",
  "flakiness": true,
  "flaky_fixtures_detected": [
    "D003",
    "D006"
  ],
  "flaky_fixtures_excluded": [
    "D003",
    "D006"
  ],
  "model_id": "claude-sonnet-4-6",
  "per_fixture_pass_rates": {
    "D001": {
      "agent": [
        0.5,
        0.5,
        0.5
      ],
      "baseline": [
        0.5,
        0.5,
        0.5
      ]
    },
    "D002": {
      "agent": [
        1.0,
        1.0,
        1.0
      ],
      "baseline": [
        1.0,
        1.0,
        1.0
      ]
    },
    "D003": {
      "agent": [
        0.0,
        0.0,
        0.5
      ],
      "baseline": [
        1.0,
        1.0,
        1.0
      ]
    },
    "D004": {
      "agent": [
        0.5,
        0.5,
        0.5
      ],
      "baseline": [
        0.5,
        0.5,
        0.5
      ]
    },
    "D005": {
      "agent": [
        0.5,
        0.5,
        0.5
      ],
      "baseline": [
        0.5,
        0.5,
        0.5
      ]
    },
    "D006": {
      "agent": [
        0.0,
        0.5,
        0.5
      ],
      "baseline": [
        1.0,
        1.0,
        1.0
      ]
    },
    "D007": {
      "agent": [
        0.5,
        0.5,
        0.5
      ],
      "baseline": [
        0.5,
        0.5,
        0.5
      ]
    },
    "D008": {
      "agent": [
        0.5,
        0.5,
        0.5
      ],
      "baseline": [
        0.5,
        0.5,
        0.5
      ]
    }
  },
  "pricing_rate_as_of": "2026-05-03",
  "recall_delta": 0.0,
  "recall_excluding_errors": 0.583333,
  "recall_with_errors": 0.583333,
  "recommendation": null,
  "run_id": "20260528T052250Z-1dff3514",
  "schemaVersion": 1,
  "tokens_estimated": true,
  "total_tokens_in": 54744,
  "total_tokens_out": 5948,
  "wall_clock_seconds": 215.86
}