{
  "agent_prompt_sha": "f802eb0f1b2155a32feeedf1a436dcb85a6a8b7982df62020766a577f1cb1743",
  "agent_recall": 0.833333,
  "baseline_prompt_sha": "f2837b5416a8d4cb076234938c32a077f9101ccefce42d3ae2c398c69122e445",
  "baseline_recall": 0.916667,
  "bootstrap_ci_95": [
    -0.25,
    0.0
  ],
  "cost_estimate_usd": 0.3553,
  "error_count": 0,
  "fixture_set_sha": "d93a851efbd0679098bdcd17f7f81ecf1979fcaa27ddf02edaf7d10bd2b01f05",
  "flakiness": true,
  "flaky_fixtures_detected": [
    "F003",
    "F006"
  ],
  "flaky_fixtures_excluded": [
    "F003",
    "F006"
  ],
  "model_id": "claude-sonnet-4-6",
  "per_fixture_pass_rates": {
    "F001": {
      "agent": [
        1.0,
        1.0,
        1.0
      ],
      "baseline": [
        1.0,
        1.0,
        1.0
      ]
    },
    "F002": {
      "agent": [
        0.5,
        0.5,
        0.5
      ],
      "baseline": [
        1.0,
        1.0,
        1.0
      ]
    },
    "F003": {
      "agent": [
        0.5,
        0.5,
        0.5
      ],
      "baseline": [
        0.5,
        1.0,
        1.0
      ]
    },
    "F004": {
      "agent": [
        1.0,
        1.0,
        1.0
      ],
      "baseline": [
        1.0,
        1.0,
        1.0
      ]
    },
    "F005": {
      "agent": [
        0.5,
        0.5,
        0.5
      ],
      "baseline": [
        0.5,
        0.5,
        0.5
      ]
    },
    "F006": {
      "agent": [
        0.5,
        0.0,
        0.5
      ],
      "baseline": [
        0.5,
        0.5,
        0.5
      ]
    },
    "F007": {
      "agent": [
        1.0,
        1.0,
        1.0
      ],
      "baseline": [
        1.0,
        1.0,
        1.0
      ]
    },
    "F008": {
      "agent": [
        1.0,
        1.0,
        1.0
      ],
      "baseline": [
        1.0,
        1.0,
        1.0
      ]
    }
  },
  "pricing_rate_as_of": "2026-05-03",
  "recall_delta": -0.083333,
  "recall_excluding_errors": 0.833333,
  "recall_with_errors": 0.833333,
  "recommendation": null,
  "run_id": "20260528T040743Z-643d1793",
  "schemaVersion": 1,
  "tokens_estimated": true,
  "total_tokens_in": 53928,
  "total_tokens_out": 12903,
  "wall_clock_seconds": 361.64
}