{
  "agent_prompt_sha": "6dd9b9498e7f934bba529030c438d23e4cd39496ae39309e81735cbcd19d930e",
  "agent_recall": 0.666667,
  "baseline_prompt_sha": "f2837b5416a8d4cb076234938c32a077f9101ccefce42d3ae2c398c69122e445",
  "baseline_recall": 0.75,
  "bootstrap_ci_95": [
    -0.333333,
    0.166667
  ],
  "cost_estimate_usd": 0.4485,
  "error_count": 0,
  "fixture_set_sha": "ad774e35b2d3af334ec61d71d24a8da9af4b73027e96a015ddca28f3ecd74def",
  "flakiness": true,
  "flaky_fixtures_detected": [
    "M002",
    "M006"
  ],
  "flaky_fixtures_excluded": [
    "M002",
    "M006"
  ],
  "model_id": "claude-sonnet-4-6",
  "per_fixture_pass_rates": {
    "M001": {
      "agent": [
        0.5,
        0.5,
        0.5
      ],
      "baseline": [
        0.5,
        0.5,
        0.5
      ]
    },
    "M002": {
      "agent": [
        0.0,
        0.5,
        0.5
      ],
      "baseline": [
        0.5,
        0.5,
        0.5
      ]
    },
    "M003": {
      "agent": [
        1.0,
        1.0,
        1.0
      ],
      "baseline": [
        0.5,
        0.5,
        0.5
      ]
    },
    "M004": {
      "agent": [
        1.0,
        1.0,
        1.0
      ],
      "baseline": [
        1.0,
        1.0,
        1.0
      ]
    },
    "M005": {
      "agent": [
        0.0,
        0.0,
        0.0
      ],
      "baseline": [
        0.5,
        0.5,
        0.5
      ]
    },
    "M006": {
      "agent": [
        0.5,
        0.5,
        0.5
      ],
      "baseline": [
        0.5,
        0.0,
        0.5
      ]
    },
    "M007": {
      "agent": [
        1.0,
        1.0,
        1.0
      ],
      "baseline": [
        1.0,
        1.0,
        1.0
      ]
    },
    "M008": {
      "agent": [
        0.5,
        0.5,
        0.5
      ],
      "baseline": [
        1.0,
        1.0,
        1.0
      ]
    }
  },
  "pricing_rate_as_of": "2026-05-03",
  "recall_delta": -0.083333,
  "recall_excluding_errors": 0.666667,
  "recall_with_errors": 0.666667,
  "recommendation": null,
  "run_id": "20260528T055856Z-7562dce2",
  "schemaVersion": 1,
  "tokens_estimated": true,
  "total_tokens_in": 110028,
  "total_tokens_out": 7894,
  "wall_clock_seconds": 274.91
}