{
  "agent_prompt_sha": "3aad35c74ecde56a330edb804a02263170d13ea0ef66998765fa2175a026df0d",
  "agent_recall": 0.458333,
  "baseline_prompt_sha": "f2837b5416a8d4cb076234938c32a077f9101ccefce42d3ae2c398c69122e445",
  "baseline_recall": 0.416667,
  "bootstrap_ci_95": [
    -0.291667,
    0.354167
  ],
  "cost_estimate_usd": 0.5928,
  "error_count": 0,
  "fixture_set_sha": "da2da247a5573745509959adb0e0e70df52c93502316bf89c0675f85f33ef4b3",
  "flakiness": true,
  "flaky_fixtures_detected": [
    "Q001",
    "Q002",
    "Q004",
    "Q005",
    "Q006",
    "Q008"
  ],
  "flaky_fixtures_excluded": [],
  "model_id": "claude-sonnet-4-6",
  "per_fixture_pass_rates": {
    "Q001": {
      "agent": [
        0.0,
        0.0,
        0.5
      ],
      "baseline": [
        0.5,
        0.0,
        0.0
      ]
    },
    "Q002": {
      "agent": [
        1.0,
        1.0,
        1.0
      ],
      "baseline": [
        0.0,
        0.0,
        0.5
      ]
    },
    "Q003": {
      "agent": [
        1.0,
        1.0,
        1.0
      ],
      "baseline": [
        1.0,
        1.0,
        1.0
      ]
    },
    "Q004": {
      "agent": [
        0.5,
        0.5,
        0.5
      ],
      "baseline": [
        0.5,
        0.5,
        0.0
      ]
    },
    "Q005": {
      "agent": [
        0.0,
        0.0,
        0.5
      ],
      "baseline": [
        1.0,
        1.0,
        1.0
      ]
    },
    "Q006": {
      "agent": [
        0.5,
        0.0,
        0.5
      ],
      "baseline": [
        0.5,
        0.5,
        0.5
      ]
    },
    "Q007": {
      "agent": [
        0.5,
        0.5,
        0.5
      ],
      "baseline": [
        0.0,
        0.0,
        0.0
      ]
    },
    "Q008": {
      "agent": [
        0.0,
        0.0,
        0.0
      ],
      "baseline": [
        0.0,
        0.0,
        0.5
      ]
    }
  },
  "pricing_rate_as_of": "2026-05-03",
  "recall_delta": 0.041667,
  "recall_excluding_errors": 0.458333,
  "recall_with_errors": 0.458333,
  "recommendation": "halt-due-to-flakiness",
  "run_id": "20260528T060742Z-a76d72b8",
  "schemaVersion": 1,
  "tokens_estimated": true,
  "total_tokens_in": 168048,
  "total_tokens_out": 5909,
  "wall_clock_seconds": 203.84
}