{
  "agent_prompt_sha": "9ce2897d2cbcc905886cc1a2cd2e7c6264f463712d0ee0f5faf35beb13797b9f",
  "agent_recall": 0.785714,
  "baseline_prompt_sha": "f2837b5416a8d4cb076234938c32a077f9101ccefce42d3ae2c398c69122e445",
  "baseline_recall": 0.714286,
  "bootstrap_ci_95": [
    -0.142857,
    0.285714
  ],
  "cost_estimate_usd": 0.3485,
  "error_count": 0,
  "fixture_set_sha": "9aadcadc78d3cc6407cae704a840d3882967f92614f31a8a275c122f5c4f7391",
  "flakiness": true,
  "flaky_fixtures_detected": [
    "O007"
  ],
  "flaky_fixtures_excluded": [
    "O007"
  ],
  "model_id": "claude-sonnet-4-6",
  "per_fixture_pass_rates": {
    "O001": {
      "agent": [
        0.5,
        0.5,
        0.5
      ],
      "baseline": [
        0.5,
        0.5,
        0.5
      ]
    },
    "O002": {
      "agent": [
        1.0,
        1.0,
        1.0
      ],
      "baseline": [
        0.5,
        0.5,
        0.5
      ]
    },
    "O003": {
      "agent": [
        1.0,
        1.0,
        1.0
      ],
      "baseline": [
        1.0,
        1.0,
        1.0
      ]
    },
    "O004": {
      "agent": [
        0.5,
        0.5,
        0.5
      ],
      "baseline": [
        0.5,
        0.5,
        0.5
      ]
    },
    "O005": {
      "agent": [
        1.0,
        1.0,
        1.0
      ],
      "baseline": [
        0.5,
        0.5,
        0.5
      ]
    },
    "O006": {
      "agent": [
        0.5,
        0.5,
        0.5
      ],
      "baseline": [
        1.0,
        1.0,
        1.0
      ]
    },
    "O007": {
      "agent": [
        0.0,
        0.5,
        0.5
      ],
      "baseline": [
        1.0,
        1.0,
        1.0
      ]
    },
    "O008": {
      "agent": [
        1.0,
        1.0,
        1.0
      ],
      "baseline": [
        1.0,
        1.0,
        1.0
      ]
    }
  },
  "pricing_rate_as_of": "2026-05-03",
  "recall_delta": 0.071429,
  "recall_excluding_errors": 0.785714,
  "recall_with_errors": 0.785714,
  "recommendation": null,
  "run_id": "20260528T062631Z-6824ce15",
  "schemaVersion": 1,
  "tokens_estimated": true,
  "total_tokens_in": 88518,
  "total_tokens_out": 5529,
  "wall_clock_seconds": 195.39
}