{
  "agent_prompt_sha": "c82cb6c80b6d78d3a72412b234fbd1f7b8811907d3dfced227d248b8f517da22",
  "agent_recall": 0.833333,
  "baseline_prompt_sha": "f2837b5416a8d4cb076234938c32a077f9101ccefce42d3ae2c398c69122e445",
  "baseline_recall": 0.416667,
  "bootstrap_ci_95": [
    0.1,
    0.727273
  ],
  "cost_estimate_usd": 0.9972,
  "error_count": 0,
  "fixture_set_sha": "6dfd687ac99185cb37c35b1b55ce7dee843289b5612c2b439d40d7e52255e2a2",
  "flakiness": true,
  "flaky_fixtures_detected": [
    "F003"
  ],
  "flaky_fixtures_excluded": [
    "F003"
  ],
  "model_id": "claude-sonnet-4-6",
  "per_fixture_pass_rates": {
    "F001": {
      "agent": [
        0.5,
        0.5,
        0.5
      ],
      "baseline": [
        0.0,
        0.0,
        0.0
      ]
    },
    "F002": {
      "agent": [
        0.5,
        0.5,
        0.5
      ],
      "baseline": [
        0.5,
        0.5,
        0.5
      ]
    },
    "F003": {
      "agent": [
        0.0,
        0.5,
        0.0
      ],
      "baseline": [
        0.0,
        0.0,
        0.0
      ]
    },
    "F004": {
      "agent": [
        1.0,
        1.0,
        1.0
      ],
      "baseline": [
        0.0,
        0.0,
        0.0
      ]
    },
    "F005": {
      "agent": [
        1.0,
        1.0,
        1.0
      ],
      "baseline": [
        0.0,
        0.0,
        0.0
      ]
    },
    "F006": {
      "agent": [
        1.0,
        1.0,
        1.0
      ],
      "baseline": [
        0.0,
        0.0,
        0.0
      ]
    },
    "F007": {
      "agent": [
        1.0,
        1.0,
        1.0
      ],
      "baseline": [
        1.0,
        1.0,
        1.0
      ]
    },
    "F008": {
      "agent": [
        1.0,
        1.0,
        1.0
      ],
      "baseline": [
        1.0,
        1.0,
        1.0
      ]
    },
    "F009": {
      "agent": [
        1.0,
        1.0,
        1.0
      ],
      "baseline": [
        1.0,
        1.0,
        1.0
      ]
    },
    "F010": {
      "agent": [
        1.0,
        1.0,
        1.0
      ],
      "baseline": [
        1.0,
        1.0,
        1.0
      ]
    }
  },
  "pricing_rate_as_of": "2026-05-03",
  "recall_delta": 0.416667,
  "recall_excluding_errors": 0.833333,
  "recall_with_errors": 0.833333,
  "recommendation": null,
  "run_id": "20260528T035241Z-45e0c2f3",
  "schemaVersion": 1,
  "tokens_estimated": true,
  "total_tokens_in": 282576,
  "total_tokens_out": 9966,
  "wall_clock_seconds": 312.72
}