{
  "agent_prompt_sha": "f802eb0f1b2155a32feeedf1a436dcb85a6a8b7982df62020766a577f1cb1743",
  "agent_recall": 0.9,
  "baseline_prompt_sha": "f2837b5416a8d4cb076234938c32a077f9101ccefce42d3ae2c398c69122e445",
  "baseline_recall": 0.866667,
  "bootstrap_ci_95": [
    -0.066667,
    0.133333
  ],
  "cost_estimate_usd": 0.7624,
  "error_count": 0,
  "fixture_set_sha": "2dbf68ca1563b076c4ec3653042ce25fa75aec538bd77db19ac16e1d32c5af10",
  "flakiness": true,
  "flaky_fixtures_detected": [
    "F003",
    "F008",
    "F016"
  ],
  "flaky_fixtures_excluded": [
    "F003",
    "F008",
    "F016"
  ],
  "model_id": "claude-sonnet-4-6",
  "per_fixture_pass_rates": {
    "F001": {
      "agent": [
        1.0,
        1.0,
        1.0
      ],
      "baseline": [
        1.0,
        1.0,
        1.0
      ]
    },
    "F002": {
      "agent": [
        1.0,
        1.0,
        1.0
      ],
      "baseline": [
        1.0,
        1.0,
        1.0
      ]
    },
    "F003": {
      "agent": [
        1.0,
        1.0,
        0.5
      ],
      "baseline": [
        1.0,
        1.0,
        1.0
      ]
    },
    "F004": {
      "agent": [
        1.0,
        1.0,
        1.0
      ],
      "baseline": [
        1.0,
        1.0,
        1.0
      ]
    },
    "F005": {
      "agent": [
        1.0,
        1.0,
        1.0
      ],
      "baseline": [
        1.0,
        1.0,
        1.0
      ]
    },
    "F006": {
      "agent": [
        1.0,
        1.0,
        1.0
      ],
      "baseline": [
        1.0,
        1.0,
        1.0
      ]
    },
    "F007": {
      "agent": [
        0.5,
        0.5,
        0.5
      ],
      "baseline": [
        0.5,
        0.5,
        0.5
      ]
    },
    "F008": {
      "agent": [
        0.5,
        1.0,
        1.0
      ],
      "baseline": [
        0.0,
        0.5,
        0.0
      ]
    },
    "F009": {
      "agent": [
        1.0,
        1.0,
        1.0
      ],
      "baseline": [
        0.5,
        0.5,
        0.5
      ]
    },
    "F010": {
      "agent": [
        1.0,
        1.0,
        1.0
      ],
      "baseline": [
        0.5,
        0.5,
        0.5
      ]
    },
    "F011": {
      "agent": [
        1.0,
        1.0,
        1.0
      ],
      "baseline": [
        1.0,
        1.0,
        1.0
      ]
    },
    "F012": {
      "agent": [
        1.0,
        1.0,
        1.0
      ],
      "baseline": [
        1.0,
        1.0,
        1.0
      ]
    },
    "F013": {
      "agent": [
        1.0,
        1.0,
        1.0
      ],
      "baseline": [
        1.0,
        1.0,
        1.0
      ]
    },
    "F014": {
      "agent": [
        0.5,
        0.5,
        0.5
      ],
      "baseline": [
        1.0,
        1.0,
        1.0
      ]
    },
    "F015": {
      "agent": [
        1.0,
        1.0,
        1.0
      ],
      "baseline": [
        1.0,
        1.0,
        1.0
      ]
    },
    "F016": {
      "agent": [
        1.0,
        0.5,
        0.5
      ],
      "baseline": [
        1.0,
        1.0,
        1.0
      ]
    },
    "F017": {
      "agent": [
        0.5,
        0.5,
        0.5
      ],
      "baseline": [
        0.5,
        0.5,
        0.5
      ]
    },
    "F018": {
      "agent": [
        1.0,
        1.0,
        1.0
      ],
      "baseline": [
        1.0,
        1.0,
        1.0
      ]
    }
  },
  "pricing_rate_as_of": "2026-05-03",
  "recall_delta": 0.033333,
  "recall_excluding_errors": 0.9,
  "recall_with_errors": 0.9,
  "recommendation": null,
  "run_id": "20260528T045032Z-d5b2eeb5",
  "schemaVersion": 1,
  "tokens_estimated": true,
  "total_tokens_in": 129618,
  "total_tokens_out": 24904,
  "wall_clock_seconds": 683.4
}