{
  "agent_prompt_sha": "2276a273b278205fe9233ac9cebd43bab0b1e47ae750200d8670d8ee54151428",
  "agent_recall": 0.916667,
  "baseline_prompt_sha": "f2837b5416a8d4cb076234938c32a077f9101ccefce42d3ae2c398c69122e445",
  "baseline_recall": 0.75,
  "bootstrap_ci_95": [
    0.0,
    0.333333
  ],
  "cost_estimate_usd": 0.2793,
  "error_count": 0,
  "fixture_set_sha": "ce963c1cf02142cfbcd1acf021091dda232f3881d54c05064e234f5b2a32fccf",
  "flakiness": true,
  "flaky_fixtures_detected": [
    "T001",
    "T003"
  ],
  "flaky_fixtures_excluded": [
    "T001",
    "T003"
  ],
  "model_id": "claude-sonnet-4-6",
  "per_fixture_pass_rates": {
    "T001": {
      "agent": [
        1.0,
        0.5,
        1.0
      ],
      "baseline": [
        1.0,
        1.0,
        1.0
      ]
    },
    "T002": {
      "agent": [
        1.0,
        1.0,
        1.0
      ],
      "baseline": [
        1.0,
        1.0,
        1.0
      ]
    },
    "T003": {
      "agent": [
        0.0,
        0.0,
        0.5
      ],
      "baseline": [
        0.5,
        0.5,
        0.5
      ]
    },
    "T004": {
      "agent": [
        1.0,
        1.0,
        1.0
      ],
      "baseline": [
        0.5,
        0.5,
        0.5
      ]
    },
    "T005": {
      "agent": [
        1.0,
        1.0,
        1.0
      ],
      "baseline": [
        1.0,
        1.0,
        1.0
      ]
    },
    "T006": {
      "agent": [
        1.0,
        1.0,
        1.0
      ],
      "baseline": [
        1.0,
        1.0,
        1.0
      ]
    },
    "T007": {
      "agent": [
        0.5,
        0.5,
        0.5
      ],
      "baseline": [
        0.5,
        0.5,
        0.5
      ]
    },
    "T008": {
      "agent": [
        1.0,
        1.0,
        1.0
      ],
      "baseline": [
        0.5,
        0.5,
        0.5
      ]
    }
  },
  "pricing_rate_as_of": "2026-05-03",
  "recall_delta": 0.166667,
  "recall_excluding_errors": 0.916667,
  "recall_with_errors": 0.916667,
  "recommendation": null,
  "run_id": "20260528T062309Z-c0ce5d7d",
  "schemaVersion": 1,
  "tokens_estimated": true,
  "total_tokens_in": 64146,
  "total_tokens_out": 5793,
  "wall_clock_seconds": 201.93
}