{
  "agent_prompt_sha": "372c90434fc8a7450d3c6423a6a46282ab428eb4f3e4825d9ac55436c71cf9f1",
  "agent_recall": 0.5625,
  "baseline_prompt_sha": "f2837b5416a8d4cb076234938c32a077f9101ccefce42d3ae2c398c69122e445",
  "baseline_recall": 0.666667,
  "bootstrap_ci_95": [
    -0.333333,
    0.145833
  ],
  "cost_estimate_usd": 0.6702,
  "error_count": 0,
  "fixture_set_sha": "26136df314d6c7b57fb85b8557440ac61d49c8728529f3040b930c8ff7ca02ef",
  "flakiness": true,
  "flaky_fixtures_detected": [
    "A002",
    "A004",
    "A007",
    "A008"
  ],
  "flaky_fixtures_excluded": [],
  "model_id": "claude-sonnet-4-6",
  "per_fixture_pass_rates": {
    "A001": {
      "agent": [
        0.5,
        0.5,
        0.5
      ],
      "baseline": [
        1.0,
        1.0,
        1.0
      ]
    },
    "A002": {
      "agent": [
        0.5,
        0.5,
        0.5
      ],
      "baseline": [
        0.5,
        0.0,
        0.5
      ]
    },
    "A003": {
      "agent": [
        1.0,
        1.0,
        1.0
      ],
      "baseline": [
        1.0,
        1.0,
        1.0
      ]
    },
    "A004": {
      "agent": [
        0.0,
        0.5,
        0.0
      ],
      "baseline": [
        0.5,
        0.5,
        0.5
      ]
    },
    "A005": {
      "agent": [
        1.0,
        1.0,
        1.0
      ],
      "baseline": [
        0.5,
        0.5,
        0.5
      ]
    },
    "A006": {
      "agent": [
        0.5,
        0.5,
        0.5
      ],
      "baseline": [
        1.0,
        1.0,
        1.0
      ]
    },
    "A007": {
      "agent": [
        0.5,
        0.5,
        1.0
      ],
      "baseline": [
        0.5,
        0.5,
        0.5
      ]
    },
    "A008": {
      "agent": [
        0.0,
        0.0,
        0.5
      ],
      "baseline": [
        0.5,
        0.5,
        0.5
      ]
    }
  },
  "pricing_rate_as_of": "2026-05-03",
  "recall_delta": -0.104167,
  "recall_excluding_errors": 0.5625,
  "recall_with_errors": 0.5625,
  "recommendation": "halt-due-to-flakiness",
  "run_id": "20260528T055934Z-5f4d8ad4",
  "schemaVersion": 1,
  "tokens_estimated": true,
  "total_tokens_in": 185580,
  "total_tokens_out": 7563,
  "wall_clock_seconds": 253.51
}