{
  "agent_prompt_sha": "4244d952890998a517a5cfac44f29f108e21294a5ad20fee4e3a6d8050283d81",
  "agent_recall": 0.642857,
  "baseline_prompt_sha": "f2837b5416a8d4cb076234938c32a077f9101ccefce42d3ae2c398c69122e445",
  "baseline_recall": 0.642857,
  "bootstrap_ci_95": [
    -0.214286,
    0.214286
  ],
  "cost_estimate_usd": 0.2091,
  "error_count": 0,
  "fixture_set_sha": "a1a4e3979c842519ce5b98817485219fb0013d9a25afdfbeadc39e7c201f694e",
  "flakiness": true,
  "flaky_fixtures_detected": [
    "R004"
  ],
  "flaky_fixtures_excluded": [
    "R004"
  ],
  "model_id": "claude-sonnet-4-6",
  "per_fixture_pass_rates": {
    "R001": {
      "agent": [
        1.0,
        1.0,
        1.0
      ],
      "baseline": [
        0.5,
        0.5,
        0.5
      ]
    },
    "R002": {
      "agent": [
        0.5,
        0.5,
        0.5
      ],
      "baseline": [
        0.5,
        0.5,
        0.5
      ]
    },
    "R003": {
      "agent": [
        0.5,
        0.5,
        0.5
      ],
      "baseline": [
        0.5,
        0.5,
        0.5
      ]
    },
    "R004": {
      "agent": [
        0.5,
        1.0,
        1.0
      ],
      "baseline": [
        1.0,
        0.5,
        0.5
      ]
    },
    "R005": {
      "agent": [
        1.0,
        1.0,
        1.0
      ],
      "baseline": [
        1.0,
        1.0,
        1.0
      ]
    },
    "R006": {
      "agent": [
        0.5,
        0.5,
        0.5
      ],
      "baseline": [
        1.0,
        1.0,
        1.0
      ]
    },
    "R007": {
      "agent": [
        0.5,
        0.5,
        0.5
      ],
      "baseline": [
        0.5,
        0.5,
        0.5
      ]
    },
    "R008": {
      "agent": [
        0.5,
        0.5,
        0.5
      ],
      "baseline": [
        0.5,
        0.5,
        0.5
      ]
    }
  },
  "pricing_rate_as_of": "2026-05-03",
  "recall_delta": 0.0,
  "recall_excluding_errors": 0.642857,
  "recall_with_errors": 0.642857,
  "recommendation": null,
  "run_id": "20260528T060750Z-a2a4d040",
  "schemaVersion": 1,
  "tokens_estimated": true,
  "total_tokens_in": 40530,
  "total_tokens_out": 5832,
  "wall_clock_seconds": 224.73
}