{
  "agent_prompt_sha": "eaa8434900eeea8ef04af54e3c1d58f863d9633b96c8f8cd44784b3b369efc12",
  "agent_recall": 0.833333,
  "baseline_prompt_sha": "f2837b5416a8d4cb076234938c32a077f9101ccefce42d3ae2c398c69122e445",
  "baseline_recall": 0.916667,
  "bootstrap_ci_95": [
    -0.25,
    0.0
  ],
  "cost_estimate_usd": 0.3664,
  "error_count": 0,
  "fixture_set_sha": "18ea11a54d52086b5a6e69cab36c875df0009e40a5d3659a05ddda1d4f6efeeb",
  "flakiness": true,
  "flaky_fixtures_detected": [
    "C002",
    "C004"
  ],
  "flaky_fixtures_excluded": [
    "C002",
    "C004"
  ],
  "model_id": "claude-sonnet-4-6",
  "per_fixture_pass_rates": {
    "C001": {
      "agent": [
        1.0,
        1.0,
        1.0
      ],
      "baseline": [
        1.0,
        1.0,
        1.0
      ]
    },
    "C002": {
      "agent": [
        1.0,
        0.5,
        1.0
      ],
      "baseline": [
        0.0,
        0.5,
        0.5
      ]
    },
    "C003": {
      "agent": [
        0.5,
        0.5,
        0.5
      ],
      "baseline": [
        1.0,
        1.0,
        1.0
      ]
    },
    "C004": {
      "agent": [
        1.0,
        0.5,
        1.0
      ],
      "baseline": [
        1.0,
        1.0,
        1.0
      ]
    },
    "C005": {
      "agent": [
        0.5,
        0.5,
        0.5
      ],
      "baseline": [
        0.5,
        0.5,
        0.5
      ]
    },
    "C006": {
      "agent": [
        1.0,
        1.0,
        1.0
      ],
      "baseline": [
        1.0,
        1.0,
        1.0
      ]
    },
    "C007": {
      "agent": [
        1.0,
        1.0,
        1.0
      ],
      "baseline": [
        1.0,
        1.0,
        1.0
      ]
    },
    "C008": {
      "agent": [
        1.0,
        1.0,
        1.0
      ],
      "baseline": [
        1.0,
        1.0,
        1.0
      ]
    }
  },
  "pricing_rate_as_of": "2026-05-03",
  "recall_delta": -0.083333,
  "recall_excluding_errors": 0.833333,
  "recall_with_errors": 0.833333,
  "recommendation": null,
  "run_id": "20260528T051928Z-4100a34b",
  "schemaVersion": 1,
  "tokens_estimated": true,
  "total_tokens_in": 92574,
  "total_tokens_out": 5911,
  "wall_clock_seconds": 201.12
}