{
  "agent_prompt_sha": "5c7b1203456c6a1af52b0414f5379ea103490bde1c4fc70ac7413cbdc323847d",
  "agent_recall": 0.75,
  "baseline_prompt_sha": "f2837b5416a8d4cb076234938c32a077f9101ccefce42d3ae2c398c69122e445",
  "baseline_recall": 0.833333,
  "bootstrap_ci_95": [
    -0.25,
    0.0
  ],
  "cost_estimate_usd": 0.2646,
  "error_count": 0,
  "fixture_set_sha": "d7cf1fd0c7fc4a08422e5713add13aa741d955cce16db040970b34e47178152c",
  "flakiness": true,
  "flaky_fixtures_detected": [
    "D004",
    "D005"
  ],
  "flaky_fixtures_excluded": [
    "D004",
    "D005"
  ],
  "model_id": "claude-sonnet-4-6",
  "per_fixture_pass_rates": {
    "D001": {
      "agent": [
        1.0,
        1.0,
        1.0
      ],
      "baseline": [
        1.0,
        1.0,
        1.0
      ]
    },
    "D002": {
      "agent": [
        0.5,
        0.5,
        0.5
      ],
      "baseline": [
        1.0,
        1.0,
        1.0
      ]
    },
    "D003": {
      "agent": [
        1.0,
        1.0,
        1.0
      ],
      "baseline": [
        1.0,
        1.0,
        1.0
      ]
    },
    "D004": {
      "agent": [
        1.0,
        1.0,
        1.0
      ],
      "baseline": [
        0.5,
        1.0,
        0.5
      ]
    },
    "D005": {
      "agent": [
        0.0,
        0.0,
        0.5
      ],
      "baseline": [
        1.0,
        1.0,
        1.0
      ]
    },
    "D006": {
      "agent": [
        0.5,
        0.5,
        0.5
      ],
      "baseline": [
        0.5,
        0.5,
        0.5
      ]
    },
    "D007": {
      "agent": [
        0.5,
        0.5,
        0.5
      ],
      "baseline": [
        0.5,
        0.5,
        0.5
      ]
    },
    "D008": {
      "agent": [
        1.0,
        1.0,
        1.0
      ],
      "baseline": [
        1.0,
        1.0,
        1.0
      ]
    }
  },
  "pricing_rate_as_of": "2026-05-03",
  "recall_delta": -0.083333,
  "recall_excluding_errors": 0.75,
  "recall_with_errors": 0.75,
  "recommendation": null,
  "run_id": "20260528T060348Z-f0ab7234",
  "schemaVersion": 1,
  "tokens_estimated": true,
  "total_tokens_in": 54774,
  "total_tokens_out": 6686,
  "wall_clock_seconds": 233.55
}