{
  "agent_prompt_sha": "5ea1fe4756a3c8420f5ba15e19413d5ad7823b17639c07282167e2953b4bda34",
  "agent_recall": 0.785714,
  "baseline_prompt_sha": "f2837b5416a8d4cb076234938c32a077f9101ccefce42d3ae2c398c69122e445",
  "baseline_recall": 0.785714,
  "bootstrap_ci_95": [
    -0.285714,
    0.285714
  ],
  "cost_estimate_usd": 0.244,
  "error_count": 0,
  "fixture_set_sha": "917f690480ccdadec549b65ae6fd3d46c5410cf25c12091d24b31d31f1aee01d",
  "flakiness": true,
  "flaky_fixtures_detected": [
    "X007"
  ],
  "flaky_fixtures_excluded": [
    "X007"
  ],
  "model_id": "claude-sonnet-4-6",
  "per_fixture_pass_rates": {
    "X001": {
      "agent": [
        0.5,
        0.5,
        0.5
      ],
      "baseline": [
        1.0,
        1.0,
        1.0
      ]
    },
    "X002": {
      "agent": [
        1.0,
        1.0,
        1.0
      ],
      "baseline": [
        1.0,
        1.0,
        1.0
      ]
    },
    "X003": {
      "agent": [
        1.0,
        1.0,
        1.0
      ],
      "baseline": [
        1.0,
        1.0,
        1.0
      ]
    },
    "X004": {
      "agent": [
        0.5,
        0.5,
        0.5
      ],
      "baseline": [
        0.5,
        0.5,
        0.5
      ]
    },
    "X005": {
      "agent": [
        0.5,
        0.5,
        0.5
      ],
      "baseline": [
        1.0,
        1.0,
        1.0
      ]
    },
    "X006": {
      "agent": [
        1.0,
        1.0,
        1.0
      ],
      "baseline": [
        0.5,
        0.5,
        0.5
      ]
    },
    "X007": {
      "agent": [
        1.0,
        0.5,
        1.0
      ],
      "baseline": [
        0.5,
        0.5,
        0.5
      ]
    },
    "X008": {
      "agent": [
        1.0,
        1.0,
        1.0
      ],
      "baseline": [
        0.5,
        0.5,
        0.5
      ]
    }
  },
  "pricing_rate_as_of": "2026-05-03",
  "recall_delta": 0.0,
  "recall_excluding_errors": 0.785714,
  "recall_with_errors": 0.785714,
  "recommendation": null,
  "run_id": "20260528T060332Z-498c156a",
  "schemaVersion": 1,
  "tokens_estimated": true,
  "total_tokens_in": 39690,
  "total_tokens_out": 8328,
  "wall_clock_seconds": 257.9
}