{
  "agent_prompt_sha": "372c90434fc8a7450d3c6423a6a46282ab428eb4f3e4825d9ac55436c71cf9f1",
  "agent_recall": 0.857143,
  "baseline_prompt_sha": "f2837b5416a8d4cb076234938c32a077f9101ccefce42d3ae2c398c69122e445",
  "baseline_recall": 0.857143,
  "bootstrap_ci_95": [
    0.0,
    0.0
  ],
  "cost_estimate_usd": 0.6479,
  "error_count": 0,
  "fixture_set_sha": "be99fa1b1180c8f177402da5987b0aecb0fda6291e8931096c502202066c230b",
  "flakiness": true,
  "flaky_fixtures_detected": [
    "A006"
  ],
  "flaky_fixtures_excluded": [
    "A006"
  ],
  "model_id": "claude-sonnet-4-6",
  "per_fixture_pass_rates": {
    "A001": {
      "agent": [
        0.5,
        0.5,
        0.5
      ],
      "baseline": [
        0.5,
        0.5,
        0.5
      ]
    },
    "A002": {
      "agent": [
        1.0,
        1.0,
        1.0
      ],
      "baseline": [
        1.0,
        1.0,
        1.0
      ]
    },
    "A003": {
      "agent": [
        1.0,
        1.0,
        1.0
      ],
      "baseline": [
        1.0,
        1.0,
        1.0
      ]
    },
    "A004": {
      "agent": [
        1.0,
        1.0,
        1.0
      ],
      "baseline": [
        1.0,
        1.0,
        1.0
      ]
    },
    "A005": {
      "agent": [
        1.0,
        1.0,
        1.0
      ],
      "baseline": [
        1.0,
        1.0,
        1.0
      ]
    },
    "A006": {
      "agent": [
        1.0,
        0.5,
        0.5
      ],
      "baseline": [
        0.0,
        0.5,
        0.5
      ]
    },
    "A007": {
      "agent": [
        1.0,
        1.0,
        1.0
      ],
      "baseline": [
        1.0,
        1.0,
        1.0
      ]
    },
    "A008": {
      "agent": [
        0.5,
        0.5,
        0.5
      ],
      "baseline": [
        0.5,
        0.5,
        0.5
      ]
    }
  },
  "pricing_rate_as_of": "2026-05-03",
  "recall_delta": 0.0,
  "recall_excluding_errors": 0.857143,
  "recall_with_errors": 0.857143,
  "recommendation": null,
  "run_id": "20260528T051601Z-70c6ae97",
  "schemaVersion": 1,
  "tokens_estimated": true,
  "total_tokens_in": 187002,
  "total_tokens_out": 5792,
  "wall_clock_seconds": 207.58
}