{
  "agent_prompt_sha": "949c3d472607cf0cdb6c59b78d6aafd7ce69bdb790146f09c8efc7673d22a5f2",
  "agent_recall": 0.75,
  "baseline_prompt_sha": "f2837b5416a8d4cb076234938c32a077f9101ccefce42d3ae2c398c69122e445",
  "baseline_recall": 0.583333,
  "bootstrap_ci_95": [
    0.0,
    0.333333
  ],
  "cost_estimate_usd": 0.2926,
  "error_count": 0,
  "fixture_set_sha": "28e65952fbbb529d4a1d3a4b148b21c191880909f1355bd435684fb2cc4b4926",
  "flakiness": true,
  "flaky_fixtures_detected": [
    "I001",
    "I006"
  ],
  "flaky_fixtures_excluded": [
    "I001",
    "I006"
  ],
  "model_id": "claude-sonnet-4-6",
  "per_fixture_pass_rates": {
    "I001": {
      "agent": [
        1.0,
        1.0,
        1.0
      ],
      "baseline": [
        1.0,
        0.5,
        0.5
      ]
    },
    "I002": {
      "agent": [
        0.5,
        0.5,
        0.5
      ],
      "baseline": [
        0.5,
        0.5,
        0.5
      ]
    },
    "I003": {
      "agent": [
        1.0,
        1.0,
        1.0
      ],
      "baseline": [
        0.5,
        0.5,
        0.5
      ]
    },
    "I004": {
      "agent": [
        1.0,
        1.0,
        1.0
      ],
      "baseline": [
        1.0,
        1.0,
        1.0
      ]
    },
    "I005": {
      "agent": [
        0.5,
        0.5,
        0.5
      ],
      "baseline": [
        0.5,
        0.5,
        0.5
      ]
    },
    "I006": {
      "agent": [
        1.0,
        1.0,
        1.0
      ],
      "baseline": [
        1.0,
        0.5,
        1.0
      ]
    },
    "I007": {
      "agent": [
        0.5,
        0.5,
        0.5
      ],
      "baseline": [
        0.5,
        0.5,
        0.5
      ]
    },
    "I008": {
      "agent": [
        1.0,
        1.0,
        1.0
      ],
      "baseline": [
        0.5,
        0.5,
        0.5
      ]
    }
  },
  "pricing_rate_as_of": "2026-05-03",
  "recall_delta": 0.166667,
  "recall_excluding_errors": 0.75,
  "recall_with_errors": 0.75,
  "recommendation": null,
  "run_id": "20260528T052950Z-3bc317ed",
  "schemaVersion": 1,
  "tokens_estimated": true,
  "total_tokens_in": 39012,
  "total_tokens_out": 11705,
  "wall_clock_seconds": 336.11
}